filename,Thrust_max_N,Thrust_mean_N,Impulse_Ns,Class
2021-09-25_13-20-53_clean,3803.757056091461,1204.9420857303264,5609.787058683837,M1204
