filename,Thrust_max_N,Thrust_mean_N,Impulse_Ns,Class
./measurements/Cleaned/20240210_211148_metalenginehalffuel_clean.txt,72.07367521367522,44.58909401709401,96.68842841936994,G44
./measurements/Cleaned/20240407_153013_fullfuelA100_clean.txt,109.26642857142858,51.32603174603174,129.8205810022922,G51
./measurements/Cleaned/20250202_181923_rockettest1_clean.txt,129.1116809116809,51.26400284900285,87.15238852150081,G51
./measurements/Cleaned/20250209_170903_base50charcoal_clean.txt,81.37375816993463,39.21503016591251,48.63983548125799,F39
./measurements/Cleaned/20250209_174715_base100_clean.txt,270.3778431372549,119.96003565062388,125.69185808684311,G119
