filename,Thrust_max_N,Thrust_mean_N,Impulse_Ns,Class
2021-09-25_13-20-53_clean,38.03757056091461,12.04942085730326,56.097869583309105,F12
